Image,Label
D:\Users\91805\Documents\Punit Docs\semster 2\project image processsing\burnedfield8.jpg,No Stable Burning
D:\Users\91805\Documents\Punit Docs\semster 2\project image processsing\field2.jpg,No Stable Burning
D:\Users\91805\Documents\Punit Docs\semster 2\project image processsing\field3.jpg,No Stable Burning
D:\Users\91805\Documents\Punit Docs\semster 2\project image processsing\field4.jpg,No Stable Burning
D:\Users\91805\Documents\Punit Docs\semster 2\project image processsing\field5.jpg,No Stable Burning
D:\Users\91805\Documents\Punit Docs\semster 2\project image processsing\field6.jpg,No Stable Burning
